{"familiars":[{"FIO":"Petrov Ivan Ivanovich","year":2003,"month":12,"day":12,"address":"Balkovskaya 9, apart 15","numberPhone":"+380500419660","fio":"Petrov Ivan Ivanovich","familiar":1},{"FIO":"Retsob F D","year":2019,"month":12,"day":12,"address":"Sdew","numberPhone":"no phone","fio":"Retsob F D","familiar":2},{"FIO":"Andreev Alexandr Sergeevich","year":2001,"month":10,"day":2,"address":"Serova 13, apart 5","numberPhone":"+380668726372","fio":"Andreev Alexandr Sergeevich","familiar":3},{"FIO":"Fedorov Andrey Igorevich","year":2000,"month":1,"day":23,"address":"Morozova 1, apart 23","numberPhone":"no phone","fio":"Fedorov Andrey Igorevich","familiar":4},{"FIO":"Petrov Sasha Petrovich","year":1994,"month":1,"day":1,"address":"Petrova 19","numberPhone":"+380662207300","fio":"Petrov Sasha Petrovich","familiar":5}]}